id,first_name,last_name,email,dept,salary
1,Martica,Anglin,manglin0@stanford.edu,Human Resources,9
2,Jaime,Wikey,jwikey1@clickbank.net,Human Resources,13
3,Perice,Papes,ppapes2@trellian.com,Engineering,12
4,Adrianne,Blissitt,ablissitt3@ebay.com,Legal,7
5,Trenton,Elcox,telcox4@google.cn,Legal,21
6,Ryann,Bilson,rbilson5@desdev.cn,Product Management,11
7,Drew,Feather,dfeather6@amazon.co.jp,Research and Development,22
8,Cara,Dizlie,cdizlie7@deviantart.com,Services,4
9,Felike,Mathivet,fmathivet8@microsoft.com,Accounting,4
10,Thatch,Flipsen,tflipsen9@barnesandnoble.com,Human Resources,23
11,Inness,Duignan,iduignana@home.pl,Sales,15
12,Annabal,Texton,atextonb@bigcartel.com,Product Management,4
13,Aldon,Tiffney,atiffneyc@ebay.com,Marketing,7
14,Delcine,Cuttle,dcuttled@behance.net,Accounting,14
15,Delila,Pavlovic,dpavlovice@amazonaws.com,Research and Development,22
16,Shelba,Prozescky,sprozesckyf@ted.com,Human Resources,9
17,Gabey,Stutter,gstutterg@un.org,Training,21
18,Shannon,Goosnell,sgoosnellh@cdc.gov,Engineering,22
19,Genni,Midlane,gmidlanei@kickstarter.com,Research and Development,13
20,Ursula,Whiteley,uwhiteleyj@prweb.com,Research and Development,20
